Key length;Compliance index
0;0.05573206248345248
2;0.04316476921719178
3;0.037057629511958345
4;0.036958029174073655
5;0.03626713062773428
10;0.03410996381607978
11;0.03334215867972818
12;0.034548709608280694
13;0.03349471109598195
14;0.0335186656076251
15;0.0321285140562249
16;0.03237137057629512
17;0.03219612441216889
18;0.03136275955974129
19;0.03276851116406319
20;0.03341023992334556
